Workbook

Sheet summary
B4: data source:
B5: https://hercules.properties/research/nyc-biggest-sales/2026-01
B8: 125 3rd Street, Brooklyn, NY 11231 is one $105,000,000 sale in the January 2026 ranking. The closing date on the condo units is December 30, 2025. The deed was recorded on January 13, 2026, which is why it appears in the January list.
B9: The building is a 14-story condominium (class RM), finished in 2024, with 3 residential units and 4 units in total.
F13: 105000000 | G13: 106000 | H13: =F13/G13 -> 990.56604

Sheet 2026 transactions
A1: Date of transaction | B1: Value of transaction | C1: Property | D1: Square foot of building | E1: Year built | F1: USD/sqft
A2: 46028 | B2: 55000000 | C2: 119-09 26 AVENUE, Queens, NY 11354 | D2: 76000 | E2: 1968 | F2: =IF(OR(D2="",D2=0),"",B2/D2) -> 723.68421
A3: 46028 | B3: 34500000 | C3: 48-02 30 PLACE, Queens, NY 11101 | D3: 141436 | E3: 1926 | F3: =IF(OR(D3="",D3=0),"",B3/D3) -> 243.92658
A4: 46028 | B4: 2200000 | C4: 1710 BRONXDALE AVENUE, Bronx, NY 10462 | D4: 8082 | E4: 1955 | F4: =IF(OR(D4="",D4=0),"",B4/D4) -> 272.20985
A5: 46029 | B5: 63000000 | C5: 183 VARICK STREET, Manhattan, NY 10014 | D5: 68476 | E5: 1930 | F5: =IF(OR(D5="",D5=0),"",B5/D5) -> 920.03038
A6: 46030 | B6: 71000000 | C6: 410 WEST 13 STREET, Manhattan, NY 10014 | D6: 66893 | E6: 2008 | F6: =IF(OR(D6="",D6=0),"",B6/D6) -> 1061.3966
A7: 46031 | B7: 55635125 | C7: 50 WEST 66TH STREET, Manhattan, NY 10023 | D7: 469906 | E7: 2019 | F7: =IF(OR(D7="",D7=0),"",B7/D7) -> 118.39629
A8: 46031 | B8: 15192561 | C8: 4275 BOSTON ROAD, Bronx, NY 10466 | D8: 72248 | E8: 1970 | F8: =IF(OR(D8="",D8=0),"",B8/D8) -> 210.28348
A9: 46034 | B9: 53000000 | C9: 63 CROSBY STREET, Manhattan, NY 10012 | D9: 27930 | E9: 1900 | F9: =IF(OR(D9="",D9=0),"",B9/D9) -> 1897.6011
A10: 46034 | B10: 30985004 | C10: 163-25 ARCHER AVENUE, Queens, NY 11433 | F10: =IF(OR(D10="",D10=0),"",B10/D10)
A11: 46035 | B11: 2.9779746e+08 | C11: 40-22 COLLEGE POINT BLVD, Queens, NY 11354 | D11: 1591806 | E11: 2006 | F11: =IF(OR(D11="",D11=0),"",B11/D11) -> 187.0815
A12: 46035 | B12: 141000000 | C12: 3 EAST 54 STREET, Manhattan, NY 10022 | D12: 283465 | E12: 1955 | F12: =IF(OR(D12="",D12=0),"",B12/D12) -> 497.41591
A13: 46035 | B13: 1.0970831e+08 | C13: 40-22 COLLEGE POINT BLVD, Queens, NY 11354 | D13: 1591806 | E13: 2006 | F13: =IF(OR(D13="",D13=0),"",B13/D13) -> 68.920654
A14: 46035 | B14: 105000000 | C14: 125 3RD STREET, Brooklyn, NY 11231 | D14: 106516 | E14: 2024 | F14: =IF(OR(D14="",D14=0),"",B14/D14) -> 985.7674
A15: 46035 | B15: 5150000 | C15: 1741 PILGRIM AVENUE, Bronx, NY 10461 | D15: 34031 | E15: 1927 | F15: =IF(OR(D15="",D15=0),"",B15/D15) -> 151.33261
A16: 46035 | B16: 3050000 | C16: 1770 MAHAN AVENUE, Bronx, NY 10461 | D16: 23875 | E16: 1927 | F16: =IF(OR(D16="",D16=0),"",B16/D16) -> 127.74869
A17: 46036 | B17: 53000000 | C17: 75 NASSAU STREET, Manhattan, NY 10038 | F17: =IF(OR(D17="",D17=0),"",B17/D17)
A18: 46037 | B18: 46181250 | C18: 541 WEST 21 STREET, Manhattan, NY 10011 | D18: 55141 | E18: 1915 | F18: =IF(OR(D18="",D18=0),"",B18/D18) -> 837.51201
A19: 46038 | B19: 50700000 | C19: 1 COLUMBUS CIRCLE, Manhattan, NY 10019 | D19: 2101982 | E19: 2004 | F19: =IF(OR(D19="",D19=0),"",B19/D19) -> 24.120092
A20: 46042 | B20: 10000000 | C20: 726 40 STREET, Brooklyn, NY 11232 | D20: 6750 | E20: 1913 | F20: =IF(OR(D20="",D20=0),"",B20/D20) -> 1481.4815
A21: 46043 | B21: 77002366 | C21: 1 PARK ROW, Manhattan, NY 10038 | D21: 77202 | E21: 2023 | F21: =IF(OR(D21="",D21=0),"",B21/D21) -> 997.41413
A22: 46043 | B22: 20000000 | C22: 31-69 COLLEGE POINT BOULEVARD, Queens, NY 11354 | D22: 20544 | E22: 1994 | F22: =IF(OR(D22="",D22=0),"",B22/D22) -> 973.52025
A23: 46043 | B23: 7200000 | C23: 1261 ZEREGA AVENUE, Bronx, NY 10462 | D23: 28926 | E23: 1964 | F23: =IF(OR(D23="",D23=0),"",B23/D23) -> 248.91101
A24: 46043 | B24: 4800000 | C24: 360 EAST GUN HILL ROAD, Bronx, NY 10467 | D24: 18207 | E24: 1922 | F24: =IF(OR(D24="",D24=0),"",B24/D24) -> 263.63487
A25: 46044 | B25: 52956368 | C25: 59 WEST 46 STREET, Manhattan, NY 10036 | D25: 100678 | E25: 1906 | F25: =IF(OR(D25="",D25=0),"",B25/D25) -> 525.99742
A26: 46044 | B26: 43700000 | C26: 90 WOOSTER STREET, Manhattan, NY 10012 | D26: 16123 | E26: 1890 | F26: =IF(OR(D26="",D26=0),"",B26/D26) -> 2710.4137
A27: 46044 | B27: 9163690 | C27: CORTELYOU ROAD, Brooklyn, NY 11218 | F27: =IF(OR(D27="",D27=0),"",B27/D27)
A28: 46044 | B28: 2400000 | C28: 4663 3 AVENUE, Bronx, NY 10458 | D28: 12700 | E28: 1931 | F28: =IF(OR(D28="",D28=0),"",B28/D28) -> 188.97638
A29: 46048 | B29: 145523540 | C29: 72 CATON PLACE, Brooklyn, NY 11218 | D29: 168034 | E29: 2019 | F29: =IF(OR(D29="",D29=0),"",B29/D29) -> 866.03628
A30: 46048 | B30: 119681966 | C30: 31-08 NORTHERN BLVD, Queens, NY 11101 | D30: 245910 | E30: 2020 | F30: =IF(OR(D30="",D30=0),"",B30/D30) -> 486.69011
A31: 46048 | B31: 100741078 | C31: 34-09 COLLEGE POINT BLVD, Queens, NY 11354 | D31: 158669 | E31: 2019 | F31: =IF(OR(D31="",D31=0),"",B31/D31) -> 634.91342
A32: 46048 | B32: 88339886 | C32: 2926 FREDRICK DOUGLASS BL, Manhattan, NY 10039 | D32: 109735 | E32: 2021 | F32: =IF(OR(D32="",D32=0),"",B32/D32) -> 805.02926
A33: 46048 | B33: 84687153 | C33: 87-16 121 STREET, Queens, NY 11418 | D33: 154782 | E33: 2020 | F33: =IF(OR(D33="",D33=0),"",B33/D33) -> 547.13825
A34: 46048 | B34: 75651652 | C34: 1 REMSEN AVENUE, Brooklyn, NY 11212 | D34: 111391 | E34: 2011 | F34: =IF(OR(D34="",D34=0),"",B34/D34) -> 679.15408
A35: 46048 | B35: 71749825 | C35: 62-05 30TH AVENUE, Queens, NY 11377 | D35: 102056 | E35: 2021 | F35: =IF(OR(D35="",D35=0),"",B35/D35) -> 703.04367
A36: 46048 | B36: 57002671 | C36: 154 17 STREET, Brooklyn, NY 11215 | D36: 76888 | E36: 2020 | F36: =IF(OR(D36="",D36=0),"",B36/D36) -> 741.37279
A37: 46048 | B37: 30184181 | C37: 1690 EAST NEW YORK AVENUE, Brooklyn, NY 11212 | D37: 61951 | E37: 2019 | F37: =IF(OR(D37="",D37=0),"",B37/D37) -> 487.2267
A38: 46048 | B38: 26716323 | C38: 507 OSBORN STREET, Brooklyn, NY 11212 | D38: 54858 | E38: 1958 | F38: =IF(OR(D38="",D38=0),"",B38/D38) -> 487.0087
A39: 46048 | B39: 24692433 | C39: 651 UTICA AVENUE, Brooklyn, NY 11203 | D39: 35589 | E39: 2018 | F39: =IF(OR(D39="",D39=0),"",B39/D39) -> 693.82205
... A41: 46050 | B41: 112250000 | C41: 250 EAST HOUSTON STREET, Manhattan, NY 10002 | D41: 122416 | E41: 1989 | F41: =IF(OR(D41="",D41=0),"",B41/D41) -> 916.9553
A42: 46050 | B42: 2780000 | C42: EAST 134TH STREET, Bronx, NY 10454 | F42: =IF(OR(D42="",D42=0),"",B42/D42)
A43: 46051 | B43: 2125000 | C43: 714 LADD ROAD, Bronx, NY 10471 | D43: 1505 | E43: 1970 | F43: =IF(OR(D43="",D43=0),"",B43/D43) -> 1411.9601
A44: 46055 | B44: 29500000 | C44: 53 WEST 53RD STREET, Manhattan, NY 10019 | D44: 525820 | E44: 2015 | F44: =IF(OR(D44="",D44=0),"",B44/D44) -> 56.102849
A45: 46055 | B45: 12500018 | C45: 639 GRAND STREET, Brooklyn, NY 11211 | D45: 9496 | E45: 1920 | F45: =IF(OR(D45="",D45=0),"",B45/D45) -> 1316.3456
A46: 46055 | B46: 7745625 | C46: 181-08 UNION TURNPIKE, Queens, NY 11432 | D46: 13000 | E46: 1957 | F46: =IF(OR(D46="",D46=0),"",B46/D46) -> 595.81731
A47: 46058 | B47: 26219000 | C47: 254 WEST 35 STREET, Manhattan, NY 10001 | D47: 106642 | E47: 1924 | F47: =IF(OR(D47="",D47=0),"",B47/D47) -> 245.85998
A48: 46062 | B48: 31600000 | C48: 1218 BROADWAY, Manhattan, NY 10001 | D48: 75547 | E48: 1931 | F48: =IF(OR(D48="",D48=0),"",B48/D48) -> 418.28266
A49: 46062 | B49: 19360000 | C49: 444 CARROLL STREET, Brooklyn, NY 11215 | F49: =IF(OR(D49="",D49=0),"",B49/D49)
A50: 46063 | B50: 40000000 | C50: 40 RECTOR STREET, Manhattan, NY 10006 | D50: 406421 | E50: 1921 | F50: =IF(OR(D50="",D50=0),"",B50/D50) -> 98.420111
A51: 46063 | B51: 37250000 | C51: 220 CENTRAL PARK SOUTH, Manhattan, NY 10019 | D51: 396613 | E51: 2015 | F51: =IF(OR(D51="",D51=0),"",B51/D51) -> 93.92027
A52: 46064 | B52: 24777215 | C52: 15 CENTRAL PARK WEST, Manhattan, NY 10023 | D52: 695701 | E52: 2005 | F52: =IF(OR(D52="",D52=0),"",B52/D52) -> 35.614747
A53: 46064 | B53: 24050000 | C53: 335 CARROLL STREET, Brooklyn, NY 11231 | D53: 30000 | E53: 1931 | F53: =IF(OR(D53="",D53=0),"",B53/D53) -> 801.66667
A54: 46064 | B54: 15500000 | C54: 56 MESEROLE STREET, Brooklyn, NY 11206 | D54: 27800 | E54: 1920 | F54: =IF(OR(D54="",D54=0),"",B54/D54) -> 557.55396
A55: 46065 | B55: 5886675 | C55: 11-36 45TH ROAD, Queens, NY 11101 | D55: 121676 | E55: 2024 | F55: =IF(OR(D55="",D55=0),"",B55/D55) -> 48.379919
A56: 46065 | B56: 4740000 | C56: 1190 COMMERCE AVENUE, Bronx, NY 10462 | F56: =IF(OR(D56="",D56=0),"",B56/D56)
A57: 46065 | B57: 4650000 | C57: 140 WEST 238 STREET, Bronx, NY 10463 | D57: 42525 | E57: 1921 | F57: =IF(OR(D57="",D57=0),"",B57/D57) -> 109.34744
A58: 46066 | B58: 57000000 | C58: 70 VESTRY STREET, Manhattan, NY 10013 | D58: 153485 | E58: 2016 | F58: =IF(OR(D58="",D58=0),"",B58/D58) -> 371.3718
A59: 46066 | B59: 26500000 | C59: 68-64 YELLOWSTONE BLVD, Queens, NY 11375 | D59: 132960 | E59: 1941 | F59: =IF(OR(D59="",D59=0),"",B59/D59) -> 199.30806
A60: 46070 | B60: 121040000 | C60: 9 CROSBY STREET, Manhattan, NY 10013 | D60: 121165 | E60: 1914 | F60: =IF(OR(D60="",D60=0),"",B60/D60) -> 998.96835
A61: 46070 | B61: 52500000 | C61: 432 PARK AVENUE, Manhattan, NY 10022 | D61: 584590 | E61: 2012 | F61: =IF(OR(D61="",D61=0),"",B61/D61) -> 89.806531
A62: 46070 | B62: 46750000 | C62: 34 EAST 63 STREET, Manhattan, NY 10065 | D62: 12882 | E62: 1930 | F62: =IF(OR(D62="",D62=0),"",B62/D62) -> 3629.0949
A63: 46070 | B63: 8000000 | C63: 35-63 90 STREET, Queens, NY 11372 | D63: 34470 | E63: 1926 | F63: =IF(OR(D63="",D63=0),"",B63/D63) -> 232.08587
A64: 46070 | B64: 4600000 | C64: 704 EAST 135 STREET, Bronx, NY 10454 | D64: 15000 | E64: 1931 | F64: =IF(OR(D64="",D64=0),"",B64/D64) -> 306.66667
A65: 46071 | B65: 183566575 | C65: 50 CENTRAL PARK SOUTH, Manhattan, NY 10019 | D65: 324293 | E65: 1931 | F65: =IF(OR(D65="",D65=0),"",B65/D65) -> 566.05161
A66: 46071 | B66: 100000000 | C66: 340 HENRY STREET, Brooklyn, NY 11201 | D66: 258000 | E66: 1900 | F66: =IF(OR(D66="",D66=0),"",B66/D66) -> 387.5969
A67: 46071 | B67: 86133425 | C67: 50 CENTRAL PARK SOUTH, Manhattan, NY 10019 | D67: 324293 | E67: 1931 | F67: =IF(OR(D67="",D67=0),"",B67/D67) -> 265.60371
A68: 46071 | B68: 24247062 | C68: 50 WEST 66TH STREET, Manhattan, NY 10023 | D68: 469906 | E68: 2019 | F68: =IF(OR(D68="",D68=0),"",B68/D68) -> 51.599815
A69: 46071 | B69: 17000000 | C69: 202 SOUTH 8 STREET, Brooklyn, NY 11211 | D69: 21770 | E69: 1920 | F69: =IF(OR(D69="",D69=0),"",B69/D69) -> 780.89113
A70: 46072 | B70: 143000000 | C70: 304 PEARL STREET, Manhattan, NY 10038 | F70: =IF(OR(D70="",D70=0),"",B70/D70)
A71: 46072 | B71: 92000000 | C71: WHITESTONE EXPRESSWAY, Queens, NY 11357 | D71: 252890 | E71: 2023 | F71: =IF(OR(D71="",D71=0),"",B71/D71) -> 363.79454
A72: 46072 | B72: 15400000 | C72: 35-43 37 STREET, Queens, NY 11101 | D72: 7020 | E72: 1940 | F72: =IF(OR(D72="",D72=0),"",B72/D72) -> 2193.7322
A73: 46073 | B73: 10000000 | C73: 6411 FT HAMILTON PARKWAY, Brooklyn, NY 11219 | D73: 9500 | E73: 2007 | F73: =IF(OR(D73="",D73=0),"",B73/D73) -> 1052.6316
A74: 46073 | B74: 5625000 | C74: 1233 GRANT AVENUE, Bronx, NY 10456 | D74: 10000 | E74: 1938 | F74: =IF(OR(D74="",D74=0),"",B74/D74) -> 562.5
A75: 46077 | B75: 53000000 | C75: 118 TENTH AVENUE, Manhattan, NY 10011 | F75: =IF(OR(D75="",D75=0),"",B75/D75)
A76: 46077 | B76: 9750000 | C76: 175 CANAL STREET WEST, Bronx, NY 10451 | D76: 38738 | E76: 1931 | F76: =IF(OR(D76="",D76=0),"",B76/D76) -> 251.69085
A77: 46077 | B77: 7539075 | C77: 4804 31 PLACE, Queens, NY 11101 | D77: 3510 | E77: 1958 | F77: =IF(OR(D77="",D77=0),"",B77/D77) -> 2147.8846
A78: 46078 | B78: 9000000 | C78: 137-81 NORTHERN BOULEVARD, Queens, NY 11354 | D78: 9481 | E78: 1931 | F78: =IF(OR(D78="",D78=0),"",B78/D78) -> 949.26695
A79: 46078 | B79: 6000000 | C79: 71-15 51 AVENUE, Queens, NY 11377 | D79: 20400 | E79: 1954 | F79: =IF(OR(D79="",D79=0),"",B79/D79) -> 294.11765
A80: 46079 | B80: 55000000 | C80: 8 EAST 62 STREET, Manhattan, NY 10065 | D80: 12347 | E80: 1903 | F80: =IF(OR(D80="",D80=0),"",B80/D80) -> 4454.5234
A81: 46079 | B81: 24051781 | C81: 1384 RIVERSIDE DRIVE, Manhattan, NY 10033 | D81: 142600 | E81: 1967 | F81: =IF(OR(D81="",D81=0),"",B81/D81) -> 168.66607
A82: 46079 | B82: 15850000 | C82: 35 ORANGE STREET, Brooklyn, NY 11201 | D82: 47136 | E82: 1923 | F82: =IF(OR(D82="",D82=0),"",B82/D82) -> 336.26103
A83: 46079 | B83: 14000000 | C83: 170 CLINTON STREET, Brooklyn, NY 11201 | D83: 6047 | E83: 1846 | F83: =IF(OR(D83="",D83=0),"",B83/D83) -> 2315.1976
A84: 46079 | B84: 10680858 | C84: 1187 ANDERSON AVENUE, Bronx, NY 10452 | D84: 137282 | E84: 1929 | F84: =IF(OR(D84="",D84=0),"",B84/D84) -> 77.802317
A85: 46079 | B85: 10680858 | C85: 1210 WOODYCREST AVENUE, Bronx, NY 10452 | D85: 36667 | E85: 1924 | F85: =IF(OR(D85="",D85=0),"",B85/D85) -> 291.29347
A86: 46079 | B86: 10680858 | C86: 1220 SHAKESPEARE AVENUE, Bronx, NY 10452 | D86: 63990 | E86: 1927 | F86: =IF(OR(D86="",D86=0),"",B86/D86) -> 166.91448
A87: 46079 | B87: 10680858 | C87: 1230 WOODYCREST AVENUE, Bronx, NY 10452 | D87: 44743 | E87: 1925 | F87: =IF(OR(D87="",D87=0),"",B87/D87) -> 238.71573
... A89: 46080 | B89: 156638716 | C89: HUTCHINSON RVR PKWY, Bronx, NY 10465 | D89: 29659 | E89: 2019 | F89: =IF(OR(D89="",D89=0),"",B89/D89) -> 5281.3216
A90: 46080 | B90: 15000000 | C90: 10-38 45 ROAD, Queens, NY 11101 | F90: =IF(OR(D90="",D90=0),"",B90/D90)
A91: 46080 | B91: 9500000 | C91: 839 PRESIDENT STREET, Brooklyn, NY 11215 | D91: 4960 | E91: 1885 | F91: =IF(OR(D91="",D91=0),"",B91/D91) -> 1915.3226
A92: 46084 | B92: 54500000 | C92: 690 MADISON AVENUE, Manhattan, NY 10065 | D92: 6620 | E92: 1879 | F92: =IF(OR(D92="",D92=0),"",B92/D92) -> 8232.6284
A93: 46085 | B93: 29660410 | C93: 261 WALTON AVENUE, Bronx, NY 10451 | F93: =IF(OR(D93="",D93=0),"",B93/D93)
A94: 46085 | B94: 22229214 | C94: 38-78 11TH STREET, Queens, NY 11101 | D94: 112428 | E94: 2025 | F94: =IF(OR(D94="",D94=0),"",B94/D94) -> 197.71955
A95: 46085 | B95: 14000000 | C95: 1025 ATLANTIC AVENUE, Brooklyn, NY 11238 | D95: 8270 | E95: 1930 | F95: =IF(OR(D95="",D95=0),"",B95/D95) -> 1692.8658
A96: 46085 | B96: 5500000 | C96: 1990 ELLIS AVENUE, Bronx, NY 10472 | D96: 76000 | E96: 1929 | F96: =IF(OR(D96="",D96=0),"",B96/D96) -> 72.368421
A97: 46085 | B97: 4300000 | C97: 1860 MORRIS AVENUE, Bronx, NY 10453 | D97: 66550 | E97: 1931 | F97: =IF(OR(D97="",D97=0),"",B97/D97) -> 64.613073
A98: 46086 | B98: 75000000 | C98: 33-23 UNION STREET, Queens, NY 11354 | D98: 146042 | E98: 1996 | F98: =IF(OR(D98="",D98=0),"",B98/D98) -> 513.5509
A99: 46086 | B99: 33200000 | C99: 350 HICKS STREET, Brooklyn, NY 11201 | D99: 145845 | E99: 2020 | F99: =IF(OR(D99="",D99=0),"",B99/D99) -> 227.63893
A100: 46090 | B100: 101125000 | C100: 42-02 NORTHERN BOULEVARD, Queens, NY 11101 | D100: 74637 | E100: 1977 | F100: =IF(OR(D100="",D100=0),"",B100/D100) -> 1354.891
A101: 46090 | B101: 27225000 | C101: 39 WEST 27 STREET, Manhattan, NY 10001 | D101: 26047 | E101: 1891 | F101: =IF(OR(D101="",D101=0),"",B101/D101) -> 1045.2259
A102: 46090 | B102: 12000000 | C102: 5901 BAY PARKWAY, Brooklyn, NY 11204 | D102: 10200 | E102: 1932 | F102: =IF(OR(D102="",D102=0),"",B102/D102) -> 1176.4706
...

Sheet Plot
A48: Month | B48: 2020 and above | C48: Month | D48: 2000-2019 | E48: Month | F48: 1950-1999 | G48: Month | H48: Before 1950
A49: ='2026 transactions'!A14 -> 46035 | B49: ='2026 transactions'!F14 -> 985.7674 | C49: ='2026 transactions'!A6 -> 46030 | D49: ='2026 transactions'!F6 -> 1061.3966 | E49: ='2026 transactions'!A2 -> 46028 | F49: ='2026 transactions'!F2 -> 723.68421 | G49: ='2026 transactions'!A3 -> 46028 | H49: ='2026 transactions'!F3 -> 243.92658
A50: ='2026 transactions'!A21 -> 46043 | B50: ='2026 transactions'!F21 -> 997.41413 | C50: ='2026 transactions'!A7 -> 46031 | D50: ='2026 transactions'!F7 -> 118.39629 | E50: ='2026 transactions'!A4 -> 46028 | F50: ='2026 transactions'!F4 -> 272.20985 | G50: ='2026 transactions'!A5 -> 46029 | H50: ='2026 transactions'!F5 -> 920.03038
A51: ='2026 transactions'!A30 -> 46048 | B51: ='2026 transactions'!F30 -> 486.69011 | C51: ='2026 transactions'!A11 -> 46035 | D51: ='2026 transactions'!F11 -> 187.0815 | E51: ='2026 transactions'!A8 -> 46031 | F51: ='2026 transactions'!F8 -> 210.28348 | G51: ='2026 transactions'!A9 -> 46034 | H51: ='2026 transactions'!F9 -> 1897.6011
A52: ='2026 transactions'!A32 -> 46048 | B52: ='2026 transactions'!F32 -> 805.02926 | C52: ='2026 transactions'!A13 -> 46035 | D52: ='2026 transactions'!F13 -> 68.920654 | E52: ='2026 transactions'!A12 -> 46035 | F52: ='2026 transactions'!F12 -> 497.41591 | G52: ='2026 transactions'!A15 -> 46035 | H52: ='2026 transactions'!F15 -> 151.33261
A53: ='2026 transactions'!A33 -> 46048 | B53: ='2026 transactions'!F33 -> 547.13825 | C53: ='2026 transactions'!A19 -> 46038 | D53: ='2026 transactions'!F19 -> 24.120092 | E53: ='2026 transactions'!A22 -> 46043 | F53: ='2026 transactions'!F22 -> 973.52025 | G53: ='2026 transactions'!A16 -> 46035 | H53: ='2026 transactions'!F16 -> 127.74869
A54: ='2026 transactions'!A35 -> 46048 | B54: ='2026 transactions'!F35 -> 703.04367 | C54: ='2026 transactions'!A29 -> 46048 | D54: ='2026 transactions'!F29 -> 866.03628 | E54: ='2026 transactions'!A23 -> 46043 | F54: ='2026 transactions'!F23 -> 248.91101 | G54: ='2026 transactions'!A18 -> 46037 | H54: ='2026 transactions'!F18 -> 837.51201
A55: ='2026 transactions'!A36 -> 46048 | B55: ='2026 transactions'!F36 -> 741.37279 | C55: ='2026 transactions'!A31 -> 46048 | D55: ='2026 transactions'!F31 -> 634.91342 | E55: ='2026 transactions'!A38 -> 46048 | F55: ='2026 transactions'!F38 -> 487.0087 | G55: ='2026 transactions'!A20 -> 46042 | H55: ='2026 transactions'!F20 -> 1481.4815
A56: ='2026 transactions'!A55 -> 46065 | B56: ='2026 transactions'!F55 -> 48.379919 | C56: ='2026 transactions'!A34 -> 46048 | D56: ='2026 transactions'!F34 -> 679.15408 | E56: ='2026 transactions'!A41 -> 46050 | F56: ='2026 transactions'!F41 -> 916.9553 | G56: ='2026 transactions'!A24 -> 46043 | H56: ='2026 transactions'!F24 -> 263.63487
A57: ='2026 transactions'!A71 -> 46072 | B57: ='2026 transactions'!F71 -> 363.79454 | C57: ='2026 transactions'!A37 -> 46048 | D57: ='2026 transactions'!F37 -> 487.2267 | E57: ='2026 transactions'!A43 -> 46051 | F57: ='2026 transactions'!F43 -> 1411.9601 | G57: ='2026 transactions'!A25 -> 46044 | H57: ='2026 transactions'!F25 -> 525.99742
A58: ='2026 transactions'!A94 -> 46085 | B58: ='2026 transactions'!F94 -> 197.71955 | C58: ='2026 transactions'!A39 -> 46048 | D58: ='2026 transactions'!F39 -> 693.82205 | E58: ='2026 transactions'!A46 -> 46055 | F58: ='2026 transactions'!F46 -> 595.81731 | G58: ='2026 transactions'!A26 -> 46044 | H58: ='2026 transactions'!F26 -> 2710.4137
A59: ='2026 transactions'!A99 -> 46086 | B59: ='2026 transactions'!F99 -> 227.63893 | C59: ='2026 transactions'!A44 -> 46055 | D59: ='2026 transactions'!F44 -> 56.102849 | E59: ='2026 transactions'!A77 -> 46077 | F59: ='2026 transactions'!F77 -> 2147.8846 | G59: ='2026 transactions'!A28 -> 46044 | H59: ='2026 transactions'!F28 -> 188.97638
A60: ='2026 transactions'!A133 -> 46111 | B60: ='2026 transactions'!F133 -> 2974.1001 | C60: ='2026 transactions'!A51 -> 46063 | D60: ='2026 transactions'!F51 -> 93.92027 | E60: ='2026 transactions'!A79 -> 46078 | F60: ='2026 transactions'!F79 -> 294.11765 | G60: ='2026 transactions'!A40 -> 46049 | H60: ='2026 transactions'!F40 -> 262.3072
A61: ='2026 transactions'!A138 -> 46115 | B61: ='2026 transactions'!F138 -> 627.71213 | C61: ='2026 transactions'!A52 -> 46064 | D61: ='2026 transactions'!F52 -> 35.614747 | E61: ='2026 transactions'!A81 -> 46079 | F61: ='2026 transactions'!F81 -> 168.66607 | G61: ='2026 transactions'!A45 -> 46055 | H61: ='2026 transactions'!F45 -> 1316.3456
A62: ='2026 transactions'!A159 -> 46129 | B62: ='2026 transactions'!F159 -> 1469.5612 | C62: ='2026 transactions'!A58 -> 46066 | D62: ='2026 transactions'!F58 -> 371.3718 | E62: ='2026 transactions'!A88 -> 46080 | F62: ='2026 transactions'!F88 -> 1067.6425 | G62: ='2026 transactions'!A47 -> 46058 | H62: ='2026 transactions'!F47 -> 245.85998
A63: ='2026 transactions'!A174 -> 46139 | B63: ='2026 transactions'!F174 -> 811.0883 | C63: ='2026 transactions'!A61 -> 46070 | D63: ='2026 transactions'!F61 -> 89.806531 | E63: ='2026 transactions'!A98 -> 46086 | F63: ='2026 transactions'!F98 -> 513.5509 | G63: ='2026 transactions'!A48 -> 46062 | H63: ='2026 transactions'!F48 -> 418.28266
A64: ='2026 transactions'!A186 -> 46148 | B64: ='2026 transactions'!F186 -> 343.91534 | C64: ='2026 transactions'!A68 -> 46071 | D64: ='2026 transactions'!F68 -> 51.599815 | E64: ='2026 transactions'!A100 -> 46090 | F64: ='2026 transactions'!F100 -> 1354.891 | G64: ='2026 transactions'!A50 -> 46063 | H64: ='2026 transactions'!F50 -> 98.420111
A65: ='2026 transactions'!A197 -> 46157 | B65: ='2026 transactions'!F197 -> 2663.852 | C65: ='2026 transactions'!A73 -> 46073 | D65: ='2026 transactions'!F73 -> 1052.6316 | E65: ='2026 transactions'!A107 -> 46097 | F65: ='2026 transactions'!F107 -> 260.681 | G65: ='2026 transactions'!A53 -> 46064 | H65: ='2026 transactions'!F53 -> 801.66667
A66: ='2026 transactions'!A229 -> 46177 | B66: ='2026 transactions'!F229 -> 847.78291 | C66: ='2026 transactions'!A89 -> 46080 | D66: ='2026 transactions'!F89 -> 5281.3216 | E66: ='2026 transactions'!A108 -> 46098 | F66: ='2026 transactions'!F108 -> 5403.2258 | G66: ='2026 transactions'!A54 -> 46064 | H66: ='2026 transactions'!F54 -> 557.55396
A67: ='2026 transactions'!A242 -> 46183 | B67: ='2026 transactions'!F242 -> 96.682764 | C67: ='2026 transactions'!A104 -> 46092 | D67: ='2026 transactions'!F104 -> 603.23651 | E67: ='2026 transactions'!A125 -> 46107 | F67: ='2026 transactions'!F125 -> 406.34675 | G67: ='2026 transactions'!A57 -> 46065 | H67: ='2026 transactions'!F57 -> 109.34744
A68: ='2026 transactions'!A273 -> 46202 | B68: ='2026 transactions'!F273 -> 616.54393 | C68: ='2026 transactions'!A105 -> 46094 | D68: ='2026 transactions'!F105 -> 753.75978 | E68: ='2026 transactions'!A126 -> 46107 | F68: ='2026 transactions'!F126 -> 548.83333 | G68: ='2026 transactions'!A59 -> 46066 | H68: ='2026 transactions'!F59 -> 199.30806
A69: ='2026 transactions'!A289 -> 46211 | B69: ='2026 transactions'!F289 -> 170.8099 | C69: ='2026 transactions'!A109 -> 46098 | D69: ='2026 transactions'!F109 -> 58.239761 | E69: ='2026 transactions'!A127 -> 46107 | F69: ='2026 transactions'!F127 -> 419.23077 | G69: ='2026 transactions'!A60 -> 46070 | H69: ='2026 transactions'!F60 -> 998.96835
A70: ='2026 transactions'!A296 -> 46216 | B70: ='2026 transactions'!F296 -> 943.70145 | C70: ='2026 transactions'!A111 -> 46100 | D70: ='2026 transactions'!F111 -> 632.99214 | E70: ='2026 transactions'!A128 -> 46107 | F70: ='2026 transactions'!F128 -> 678.57143 | G70: ='2026 transactions'!A62 -> 46070 | H70: ='2026 transactions'!F62 -> 3629.0949
A71: ='2026 transactions'!A320 -> 46232 | B71: ='2026 transactions'!F320 -> 441.975 | C71: ='2026 transactions'!A116 -> 46104 | D71: ='2026 transactions'!F116 -> 614.22367 | E71: ='2026 transactions'!A135 -> 46112 | F71: ='2026 transactions'!F135 -> 478.14526 | G71: ='2026 transactions'!A63 -> 46070 | H71: ='2026 transactions'!F63 -> 232.08587
A72: ='2026 transactions'!A389 -> 46274 | B72: ='2026 transactions'!F389 -> 833.03299 | C72: ='2026 transactions'!A132 -> 46108 | D72: ='2026 transactions'!F132 -> 91.263823 | E72: ='2026 transactions'!A139 -> 46118 | F72: ='2026 transactions'!F139 -> 1294.6043 | G72: ='2026 transactions'!A64 -> 46070 | H72: ='2026 transactions'!F64 -> 306.66667
A73: ='2026 transactions'!A399 -> 46281 | B73: ='2026 transactions'!F399 -> 412.09022 | C73: ='2026 transactions'!A144 -> 46120 | D73: ='2026 transactions'!F144 -> 587.78036 | E73: ='2026 transactions'!A140 -> 46118 | F73: ='2026 transactions'!F140 -> 517.84173 | G73: ='2026 transactions'!A65 -> 46071 | H73: ='2026 transactions'!F65 -> 566.05161
A74: ='2026 transactions'!A415 -> 46287 | B74: ='2026 transactions'!F415 -> 67.184781 | C74: ='2026 transactions'!A146 -> 46121 | D74: ='2026 transactions'!F146 -> 508.78367 | E74: ='2026 transactions'!A154 -> 46128 | F74: ='2026 transactions'!F154 -> 117.04431 | G74: ='2026 transactions'!A66 -> 46071 | H74: ='2026 transactions'!F66 -> 387.5969
A75: ='2026 transactions'!A424 -> 46295 | B75: ='2026 transactions'!F424 -> 387.10763 | C75: ='2026 transactions'!A149 -> 46125 | D75: ='2026 transactions'!F149 -> 36.12184 | E75: ='2026 transactions'!A156 -> 46128 | F75: ='2026 transactions'!F156 -> 107.15116 | G75: ='2026 transactions'!A67 -> 46071 | H75: ='2026 transactions'!F67 -> 265.60371
C76: ='2026 transactions'!A153 -> 46127 | D76: ='2026 transactions'!F153 -> 599.0566 | E76: ='2026 transactions'!A157 -> 46128 | F76: ='2026 transactions'!F157 -> 111.9945 | G76: ='2026 transactions'!A69 -> 46071 | H76: ='2026 transactions'!F69 -> 780.89113
C77: ='2026 transactions'!A163 -> 46134 | D77: ='2026 transactions'!F163 -> 31.550911 | E77: ='2026 transactions'!A158 -> 46128 | F77: ='2026 transactions'!F158 -> 94.765682 | G77: ='2026 transactions'!A72 -> 46072 | H77: ='2026 transactions'!F72 -> 2193.7322
C78: ='2026 transactions'!A164 -> 46134 | D78: ='2026 transactions'!F164 -> 47.339571 | E78: ='2026 transactions'!A160 -> 46129 | F78: ='2026 transactions'!F160 -> 298.65605 | G78: ='2026 transactions'!A74 -> 46073 | H78: ='2026 transactions'!F74 -> 562.5
C79: ='2026 transactions'!A168 -> 46135 | D79: ='2026 transactions'!F168 -> 800.76874 | E79: ='2026 transactions'!A162 -> 46133 | F79: ='2026 transactions'!F162 -> 115.74801 | G79: ='2026 transactions'!A76 -> 46077 | H79: ='2026 transactions'!F76 -> 251.69085
C80: ='2026 transactions'!A176 -> 46140 | D80: ='2026 transactions'!F176 -> 263.7033 | E80: ='2026 transactions'!A169 -> 46135 | F80: ='2026 transactions'!F169 -> 96.591354 | G80: ='2026 transactions'!A78 -> 46078 | H80: ='2026 transactions'!F78 -> 949.26695
C81: ='2026 transactions'!A183 -> 46143 | D81: ='2026 transactions'!F183 -> 314.04714 | E81: ='2026 transactions'!A171 -> 46136 | F81: ='2026 transactions'!F171 -> 767.40007 | G81: ='2026 transactions'!A80 -> 46079 | H81: ='2026 transactions'!F80 -> 4454.5234
C82: ='2026 transactions'!A204 -> 46160 | D82: ='2026 transactions'!F204 -> 166.31642 | E82: ='2026 transactions'!A172 -> 46136 | F82: ='2026 transactions'!F172 -> 150.56584 | G82: ='2026 transactions'!A82 -> 46079 | H82: ='2026 transactions'!F82 -> 336.26103
C83: ='2026 transactions'!A205 -> 46161 | D83: ='2026 transactions'!F205 -> 1348.8872 | E83: ='2026 transactions'!A175 -> 46139 | F83: ='2026 transactions'!F175 -> 62.898121 | G83: ='2026 transactions'!A83 -> 46079 | H83: ='2026 transactions'!F83 -> 2315.1976
C84: ='2026 transactions'!A209 -> 46162 | D84: ='2026 transactions'!F209 -> 341.42516 | E84: ='2026 transactions'!A177 -> 46140 | F84: ='2026 transactions'!F177 -> 704.58806 | G84: ='2026 transactions'!A84 -> 46079 | H84: ='2026 transactions'!F84 -> 77.802317
C85: ='2026 transactions'!A211 -> 46168 | D85: ='2026 transactions'!F211 -> 1593.0039 | E85: ='2026 transactions'!A184 -> 46147 | F85: ='2026 transactions'!F184 -> 210.97046 | G85: ='2026 transactions'!A85 -> 46079 | H85: ='2026 transactions'!F85 -> 291.29347
C86: ='2026 transactions'!A217 -> 46170 | D86: ='2026 transactions'!F217 -> 268.757 | E86: ='2026 transactions'!A189 -> 46149 | F86: ='2026 transactions'!F189 -> 476.45469 | G86: ='2026 transactions'!A86 -> 46079 | H86: ='2026 transactions'!F86 -> 166.91448
C87: ='2026 transactions'!A221 -> 46171 | D87: ='2026 transactions'!F221 -> 91.453133 | E87: ='2026 transactions'!A190 -> 46154 | F87: ='2026 transactions'!F190 -> 426.33353 | G87: ='2026 transactions'!A87 -> 46079 | H87: ='2026 transactions'!F87 -> 238.71573
C88: ='2026 transactions'!A222 -> 46174 | D88: ='2026 transactions'!F222 -> 76.037548 | E88: ='2026 transactions'!A194 -> 46156 | F88: ='2026 transactions'!F194 -> 534.99247 | G88: ='2026 transactions'!A91 -> 46080 | H88: ='2026 transactions'!F91 -> 1915.3226
C89: ='2026 transactions'!A230 -> 46177 | D89: ='2026 transactions'!F230 -> 77.232282 | E89: ='2026 transactions'!A198 -> 46160 | F89: ='2026 transactions'!F198 -> 1204.9892 | G89: ='2026 transactions'!A92 -> 46084 | H89: ='2026 transactions'!F92 -> 8232.6284
C90: ='2026 transactions'!A232 -> 46178 | D90: ='2026 transactions'!F232 -> 1378.8887 | E90: ='2026 transactions'!A201 -> 46160 | F90: ='2026 transactions'!F201 -> 152.22376 | G90: ='2026 transactions'!A95 -> 46085 | H90: ='2026 transactions'!F95 -> 1692.8658
C91: ='2026 transactions'!A236 -> 46178 | D91: ='2026 transactions'!F236 -> 133.99907 | E91: ='2026 transactions'!A203 -> 46160 | F91: ='2026 transactions'!F203 -> 204.54545 | G91: ='2026 transactions'!A96 -> 46085 | H91: ='2026 transactions'!F96 -> 72.368421
C92: ='2026 transactions'!A238 -> 46181 | D92: ='2026 transactions'!F238 -> 1148.7477 | E92: ='2026 transactions'!A212 -> 46168 | F92: ='2026 transactions'!F212 -> 656.56566 | G92: ='2026 transactions'!A97 -> 46085 | H92: ='2026 transactions'!F97 -> 64.613073
C93: ='2026 transactions'!A246 -> 46184 | D93: ='2026 transactions'!F246 -> 860.91665 | E93: ='2026 transactions'!A220 -> 46171 | F93: ='2026 transactions'!F220 -> 1338.2835 | G93: ='2026 transactions'!A101 -> 46090 | H93: ='2026 transactions'!F101 -> 1045.2259
C94: ='2026 transactions'!A247 -> 46184 | D94: ='2026 transactions'!F247 -> 138.19978 | E94: ='2026 transactions'!A223 -> 46175 | F94: ='2026 transactions'!F223 -> 368.45984 | G94: ='2026 transactions'!A102 -> 46090 | H94: ='2026 transactions'!F102 -> 1176.4706
C95: ='2026 transactions'!A265 -> 46198 | D95: ='2026 transactions'!F265 -> 528.66242 | E95: ='2026 transactions'!A224 -> 46176 | F95: ='2026 transactions'!F224 -> 267.00156 | G95: ='2026 transactions'!A103 -> 46091 | H95: ='2026 transactions'!F103 -> 717.94872
C96: ='2026 transactions'!A276 -> 46203 | D96: ='2026 transactions'!F276 -> 568.72509 | E96: ='2026 transactions'!A228 -> 46177 | F96: ='2026 transactions'!F228 -> 64.801647 | G96: ='2026 transactions'!A106 -> 46094 | H96: ='2026 transactions'!F106 -> 3008.6276
C97: ='2026 transactions'!A277 -> 46203 | D97: ='2026 transactions'!F277 -> 662.55778 | E97: ='2026 transactions'!A233 -> 46178 | F97: ='2026 transactions'!F233 -> 187.36747 | G97: ='2026 transactions'!A110 -> 46099 | H97: ='2026 transactions'!F110 -> 216.90798
C98: ='2026 transactions'!A278 -> 46203 | D98: ='2026 transactions'!F278 -> 522.97749 | E98: ='2026 transactions'!A241 -> 46182 | F98: ='2026 transactions'!F241 -> 301.38133 | G98: ='2026 transactions'!A112 -> 46100 | H98: ='2026 transactions'!F112 -> 358.91089
C99: ='2026 transactions'!A303 -> 46219 | D99: ='2026 transactions'!F303 -> 226.00372 | E99: ='2026 transactions'!A243 -> 46183 | F99: ='2026 transactions'!F243 -> 412.76596 | G99: ='2026 transactions'!A113 -> 46101 | H99: ='2026 transactions'!F113 -> 3998.4006
C100: ='2026 transactions'!A306 -> 46223 | D100: ='2026 transactions'!F306 -> 552.1923 | E100: ='2026 transactions'!A250 -> 46185 | F100: ='2026 transactions'!F250 -> 874.8141 | G100: ='2026 transactions'!A114 -> 46101 | H100: ='2026 transactions'!F114 -> 780.70542
C101: ='2026 transactions'!A307 -> 46223 | D101: ='2026 transactions'!F307 -> 65.557435 | E101: ='2026 transactions'!A256 -> 46191 | F101: ='2026 transactions'!F256 -> 329.31206 | G101: ='2026 transactions'!A115 -> 46104 | H101: ='2026 transactions'!F115 -> 316.81127
C102: ='2026 transactions'!A312 -> 46225 | D102: ='2026 transactions'!F312 -> 134.82599 | E102: ='2026 transactions'!A271 -> 46202 | F102: ='2026 transactions'!F271 -> 188.98457 | G102: ='2026 transactions'!A117 -> 46104 | H102: ='2026 transactions'!F117 -> 1969.697
C103: ='2026 transactions'!A315 -> 46231 | D103: ='2026 transactions'!F315 -> 53.446333 | E103: ='2026 transactions'!A275 -> 46202 | F103: ='2026 transactions'!F275 -> 207 | G103: ='2026 transactions'!A118 -> 46105 | H103: ='2026 transactions'!F118 -> 955.22388
C104: ='2026 transactions'!A321 -> 46234 | D104: ='2026 transactions'!F321 -> 771.5215 | E104: ='2026 transactions'!A279 -> 46203 | F104: ='2026 transactions'!F279 -> 6399.3174 | G104: ='2026 transactions'!A119 -> 46105 | H104: ='2026 transactions'!F119 -> 547.53609
C105: ='2026 transactions'!A333 -> 46241 | D105: ='2026 transactions'!F333 -> 37.633213 | E105: ='2026 transactions'!A283 -> 46205 | F105: ='2026 transactions'!F283 -> 981.01266 | G105: ='2026 transactions'!A120 -> 46106 | H105: ='2026 transactions'!F120 -> 552.64689
C106: ='2026 transactions'!A334 -> 46241 | D106: ='2026 transactions'!F334 -> 476.46598 | E106: ='2026 transactions'!A291 -> 46213 | F106: ='2026 transactions'!F291 -> 324.54021 | G106: ='2026 transactions'!A121 -> 46106 | H106: ='2026 transactions'!F121 -> 357.35123
C107: ='2026 transactions'!A358 -> 46258 | D107: ='2026 transactions'!F358 -> 224.38798 | E107: ='2026 transactions'!A302 -> 46219 | F107: ='2026 transactions'!F302 -> 689.86887 | G107: ='2026 transactions'!A122 -> 46106 | H107: ='2026 transactions'!F122 -> 448.21768
C108: ='2026 transactions'!A371 -> 46265 | D108: ='2026 transactions'!F371 -> 894.19844 | E108: ='2026 transactions'!A308 -> 46223 | F108: ='2026 transactions'!F308 -> 334.36764 | G108: ='2026 transactions'!A123 -> 46106 | H108: ='2026 transactions'!F123 -> 412.22495
C109: ='2026 transactions'!A381 -> 46269 | D109: ='2026 transactions'!F381 -> 69.008931 | E109: ='2026 transactions'!A310 -> 46224 | F109: ='2026 transactions'!F310 -> 108.73566 | G109: ='2026 transactions'!A124 -> 46107 | H109: ='2026 transactions'!F124 -> 651.17069
C110: ='2026 transactions'!A382 -> 46269 | D110: ='2026 transactions'!F382 -> 35.307361 | E110: ='2026 transactions'!A314 -> 46231 | F110: ='2026 transactions'!F314 -> 396.20987 | G110: ='2026 transactions'!A130 -> 46108 | H110: ='2026 transactions'!F130 -> 1093.0233
C111: ='2026 transactions'!A383 -> 46269 | D111: ='2026 transactions'!F383 -> 335.49784 | E111: ='2026 transactions'!A322 -> 46234 | F111: ='2026 transactions'!F322 -> 376.75173 | G111: ='2026 transactions'!A131 -> 46108 | H111: ='2026 transactions'!F131 -> 1032.5311
C112: ='2026 transactions'!A387 -> 46273 | D112: ='2026 transactions'!F387 -> 769.23077 | E112: ='2026 transactions'!A323 -> 46234 | F112: ='2026 transactions'!F323 -> 311.34014 | G112: ='2026 transactions'!A134 -> 46111 | H112: ='2026 transactions'!F134 -> 843.37349
C113: ='2026 transactions'!A396 -> 46279 | D113: ='2026 transactions'!F396 -> 194.13768 | E113: ='2026 transactions'!A336 -> 46244 | F113: ='2026 transactions'!F336 -> 620.03742 | G113: ='2026 transactions'!A136 -> 46112 | H113: ='2026 transactions'!F136 -> 3113.7184
C114: ='2026 transactions'!A409 -> 46283 | D114: ='2026 transactions'!F409 -> 92.759059 | E114: ='2026 transactions'!A339 -> 46244 | F114: ='2026 transactions'!F339 -> 485.66505 | G114: ='2026 transactions'!A137 -> 46113 | H114: ='2026 transactions'!F137 -> 808.56307
C115: ='2026 transactions'!A410 -> 46283 | D115: ='2026 transactions'!F410 -> 1209.8363 | E115: ='2026 transactions'!A341 -> 46245 | F115: ='2026 transactions'!F341 -> 844.96523 | G115: ='2026 transactions'!A141 -> 46118 | H115: ='2026 transactions'!F141 -> 1024.1432
C116: ='2026 transactions'!A411 -> 46283 | D116: ='2026 transactions'!F411 -> 75.308293 | E116: ='2026 transactions'!A348 -> 46246 | F116: ='2026 transactions'!F348 -> 68.020634 | G116: ='2026 transactions'!A142 -> 46119 | H116: ='2026 transactions'!F142 -> 245.56298
C117: ='2026 transactions'!A413 -> 46286 | D117: ='2026 transactions'!F413 -> 36.320258 | E117: ='2026 transactions'!A349 -> 46246 | F117: ='2026 transactions'!F349 -> 108.99494 | G117: ='2026 transactions'!A143 -> 46119 | H117: ='2026 transactions'!F143 -> 73.65108
C118: ='2026 transactions'!A414 -> 46286 | D118: ='2026 transactions'!F414 -> 17.315235 | E118: ='2026 transactions'!A350 -> 46246 | F118: ='2026 transactions'!F350 -> 64.946237 | G118: ='2026 transactions'!A145 -> 46120 | H118: ='2026 transactions'!F145 -> 35.190958
C119: ='2026 transactions'!A419 -> 46290 | D119: ='2026 transactions'!F419 -> 63.541372 | E119: ='2026 transactions'!A351 -> 46247 | F119: ='2026 transactions'!F351 -> 979.16667 | G119: ='2026 transactions'!A147 -> 46121 | H119: ='2026 transactions'!F147 -> 3646.54
C120: ='2026 transactions'!A420 -> 46290 | D120: ='2026 transactions'!F420 -> 44.15434 | E120: ='2026 transactions'!A352 -> 46247 | F120: ='2026 transactions'!F352 -> 669.28716 | G120: ='2026 transactions'!A148 -> 46122 | H120: ='2026 transactions'!F148 -> 937.5
C121: ='2026 transactions'!A421 -> 46290 | D121: ='2026 transactions'!F421 -> 494.21067 | E121: ='2026 transactions'!A354 -> 46251 | F121: ='2026 transactions'!F354 -> 890.41096 | G121: ='2026 transactions'!A150 -> 46126 | H121: ='2026 transactions'!F150 -> 103.03081
C122: ='2026 transactions'!A422 -> 46294 | D122: ='2026 transactions'!F422 -> 111.40482 | E122: ='2026 transactions'!A356 -> 46254 | F122: ='2026 transactions'!F356 -> 324.82599 | G122: ='2026 transactions'!A151 -> 46127 | H122: ='2026 transactions'!F151 -> 132.41448
E123: ='2026 transactions'!A357 -> 46255 | F123: ='2026 transactions'!F357 -> 380.63203 | G123: ='2026 transactions'!A152 -> 46127 | H123: ='2026 transactions'!F152 -> 104.28696
E124: ='2026 transactions'!A360 -> 46259 | F124: ='2026 transactions'!F360 -> 879.16965 | G124: ='2026 transactions'!A161 -> 46132 | H124: ='2026 transactions'!F161 -> 59.137813
E125: ='2026 transactions'!A364 -> 46261 | F125: ='2026 transactions'!F364 -> 607.84314 | G125: ='2026 transactions'!A170 -> 46135 | H125: ='2026 transactions'!F170 -> 154.2241
E126: ='2026 transactions'!A368 -> 46262 | F126: ='2026 transactions'!F368 -> 432.07334 | G126: ='2026 transactions'!A173 -> 46136 | H126: ='2026 transactions'!F173 -> 158.05759
E127: ='2026 transactions'!A388 -> 46273 | F127: ='2026 transactions'!F388 -> 439.6645 | G127: ='2026 transactions'!A178 -> 46140 | H127: ='2026 transactions'!F178 -> 2738.6982
E128: ='2026 transactions'!A398 -> 46279 | F128: ='2026 transactions'!F398 -> 476.47768 | G128: ='2026 transactions'!A179 -> 46140 | H128: ='2026 transactions'!F179 -> 2045.929
E129: ='2026 transactions'!A417 -> 46288 | F129: ='2026 transactions'!F417 -> 1021.6895 | G129: ='2026 transactions'!A180 -> 46141 | H129: ='2026 transactions'!F180 -> 250.29063
E130: ='2026 transactions'!A425 -> 46295 | F130: ='2026 transactions'!F425 -> 591.72364 | G130: ='2026 transactions'!A185 -> 46148 | H130: ='2026 transactions'!F185 -> 218.2868
G131: ='2026 transactions'!A187 -> 46148 | H131: ='2026 transactions'!F187 -> 2640.8451
G132: ='2026 transactions'!A188 -> 46148 | H132: ='2026 transactions'!F188 -> 1462.9151
G133: ='2026 transactions'!A191 -> 46154 | H133: ='2026 transactions'!F191 -> 1174.0737
G134: ='2026 transactions'!A192 -> 46155 | H134: ='2026 transactions'!F192 -> 54.859151
G135: ='2026 transactions'!A193 -> 46156 | H135: ='2026 transactions'!F193 -> 349.35515
G136: ='2026 transactions'!A199 -> 46160 | H136: ='2026 transactions'!F199 -> 4473.3439
G137: ='2026 transactions'!A200 -> 46160 | H137: ='2026 transactions'!F200 -> 4052.0022
G138: ='2026 transactions'!A202 -> 46160 | H138: ='2026 transactions'!F202 -> 62.886179
G139: ='2026 transactions'!A206 -> 46161 | H139: ='2026 transactions'!F206 -> 459.04649
G140: ='2026 transactions'!A207 -> 46161 | H140: ='2026 transactions'!F207 -> 455.64712
G141: ='2026 transactions'!A208 -> 46162 | H141: ='2026 transactions'!F208 -> 394.30496
G142: ='2026 transactions'!A210 -> 46168 | H142: ='2026 transactions'!F210 -> 9012.4887
G143: ='2026 transactions'!A213 -> 46168 | H143: ='2026 transactions'!F213 -> 2297.0746
G144: ='2026 transactions'!A214 -> 46168 | H144: ='2026 transactions'!F214 -> 1787.8738
G145: ='2026 transactions'!A215 -> 46169 | H145: ='2026 transactions'!F215 -> 1424.5014
G146: ='2026 transactions'!A218 -> 46170 | H146: ='2026 transactions'!F218 -> 54.975644
G147: ='2026 transactions'!A219 -> 46170 | H147: ='2026 transactions'!F219 -> 1390
...
